<?xml version="1.0" encoding="UTF-8"?>
<beans xmlns="http://www.springframework.org/schema/beans"
	xmlns:util="http://www.springframework.org/schema/util" xmlns:xsi="http://www.w3.org/2001/XMLSchema-instance"
	xmlns:context="http://www.springframework.org/schema/context"
	xsi:schemaLocation="
       http://www.springframework.org/schema/beans http://www.springframework.org/schema/beans/spring-beans-3.0.xsd
       http://www.springframework.org/schema/util http://www.springframework.org/schema/util/spring-util-3.0.xsd 
       http://www.springframework.org/schema/context
       http://www.springframework.org/schema/context/spring-context-3.0.xsd">
 
	<!-- this is your package structure where you create file CrunchifyEmailAPI.java 
		and CrunchifyEmailTest.java -->
	<context:component-scan base-package="Helper" />
 
	<!-- Production implementation of the JavaMailSender interface, supporting 
		both JavaMail MimeMessages and Spring SimpleMailMessages -->
	<bean id="mailSender" class="org.springframework.mail.javamail.JavaMailSenderImpl">
		<property name="host" value="smtp.gmail.com" />
		<property name="port" value="587" />
		<property name="username" value="dedhiadimpi@gmail.com" />
		<property name="password" value="dimpi@95" />
 
		<!-- The name of the property, following JavaBean naming conventions -->
		<property name="javaMailProperties">
			<props>
				<prop key="mail.transport.protocol">smtp</prop>
				<prop key="mail.smtp.auth">true</prop>
				<prop key="mail.smtp.starttls.enable">true</prop>
				<prop key="mail.debug">true</prop>
			</props>
		</property>
	</bean>
</beans>
