<?xml version='1.0' encoding='UTF-8' ?>
<!-- was: <?xml version="1.0" encoding="UTF-8"?> -->
<beans xmlns="http://www.springframework.org/schema/beans"
       xmlns:xsi="http://www.w3.org/2001/XMLSchema-instance"
       xmlns:p="http://www.springframework.org/schema/p"
       xmlns:aop="http://www.springframework.org/schema/aop"
       xmlns:tx="http://www.springframework.org/schema/tx"
       xsi:schemaLocation="http://www.springframework.org/schema/beans http://www.springframework.org/schema/beans/spring-beans-4.0.xsd
       http://www.springframework.org/schema/aop http://www.springframework.org/schema/aop/spring-aop-4.0.xsd
       http://www.springframework.org/schema/tx http://www.springframework.org/schema/tx/spring-tx-4.0.xsd">

    
    
<!--    <bean class = "org.springframework.web.servlet.handler.BeanNameUrlHandlerMapping"/>-->
   

    <!--
    Most controllers will use the ControllerClassNameHandlerMapping above, but
    for the index controller we are using ParameterizableViewController, so we must
    define an explicit mapping for it.
    -->
    <bean id="urlMapping" class="org.springframework.web.servlet.handler.SimpleUrlHandlerMapping">
        <property name="mappings">
            <props>
                <prop key="login.htm">loginController</prop>
                <prop key="register-user.htm">loginController</prop>
                <prop key="add-approver.htm">loginController</prop>
                <prop key="logout-user.htm">loginController</prop>
                <prop key="redirect*.htm">redirectController</prop>
            </props>
        </property>
    </bean>
    
    <bean class="org.springframework.web.servlet.view.XmlViewResolver">
	   <property name="location">
	       <value>/WEB-INF/pdf-views.xml</value>
	   </property>
	   <property name="order" value="0" />
	</bean>

    <bean id="viewResolver"
          class="org.springframework.web.servlet.view.InternalResourceViewResolver"
          p:prefix="/WEB-INF/jsp/"
          p:suffix=".jsp" >
    <property name="order" value="1" />
    </bean>

    <!--
    The index controller.
    -->
    <bean name="indexController"
          class="org.springframework.web.servlet.mvc.ParameterizableViewController"
          p:viewName="index" />
    
    <bean name="loginController" class="Controllers.LoginController.LoginController"/>
    <bean name="redirectController" class="Controllers.RedirectController.RedirectController"/>
    
    <bean class = "org.springframework.web.servlet.handler.BeanNameUrlHandlerMapping"/>
    <bean name = "/add-answer.htm" class = "Controllers.UserController.UserController" />
    <bean name = "/add-question.htm" class = "Controllers.UserController.UserController" />
    <bean name = "/edit-question.htm" class = "Controllers.UserController.UserController" />
    <bean name = "/edit-answer.htm" class = "Controllers.UserController.UserController" />
    <bean name = "/like-question.htm" class = "Controllers.UserController.UserController" />
    <bean name = "/dislike-question.htm" class = "Controllers.UserController.UserController" />
    <bean name = "/like-answer.htm" class = "Controllers.UserController.UserController" />
    <bean name = "/dislike-answer.htm" class = "Controllers.UserController.UserController" />
    <bean name = "/approve-questions.htm" class="Controllers.ApproverController.ApproverController"/>
    <bean name = "/approve-answers.htm" class="Controllers.ApproverController.ApproverController"/>
    <bean name = "/view-dashboard.htm" class="Controllers.AdminController.AdminController"/>
    
    
    
    <bean class="org.springframework.web.servlet.mvc.annotation.DefaultAnnotationHandlerMapping" />
<!--    <bean class="org.springframework.web.servlet.mvc.support.ControllerClassNameHandlerMapping"/>
    <bean class = "Controllers.RedirectController.RedirectController" />-->
    
</beans>
